Date,USD/GBP Close
01/05/2000,1.5526
02/05/2000,1.5592
03/05/2000,1.562
04/05/2000,1.5402
05/05/2000,1.5271
08/05/2000,1.5322
09/05/2000,1.5331
10/05/2000,1.5117
11/05/2000,1.5025
12/05/2000,1.514
15/05/2000,1.5069
16/05/2000,1.4951
17/05/2000,1.4927
18/05/2000,1.4818
19/05/2000,1.4849
22/05/2000,1.4921
23/05/2000,1.4764
24/05/2000,1.4764
25/05/2000,1.4707
26/05/2000,1.4853
29/05/2000,1.4918
30/05/2000,1.4963
31/05/2000,1.4977
01/06/2000,1.49
02/06/2000,1.5056
05/06/2000,1.5194
06/06/2000,1.5292
07/06/2000,1.5219
08/06/2000,1.5118
09/06/2000,1.5092
12/06/2000,1.5121
13/06/2000,1.5089
14/06/2000,1.5002
15/06/2000,1.5125
16/06/2000,1.515
19/06/2000,1.5132
20/06/2000,1.5188
21/06/2000,1.4989
22/06/2000,1.5144
23/06/2000,1.5037
26/06/2000,1.499
27/06/2000,1.5066
28/06/2000,1.5112
29/06/2000,1.5192
30/06/2000,1.5165
03/07/2000,1.5133
04/07/2000,1.5155
05/07/2000,1.5091
06/07/2000,1.5072
07/07/2000,1.5128
10/07/2000,1.5117
11/07/2000,1.5162
12/07/2000,1.5066
13/07/2000,1.5018
14/07/2000,1.4981
17/07/2000,1.4945
18/07/2000,1.4975
19/07/2000,1.4968
20/07/2000,1.5129
21/07/2000,1.519
24/07/2000,1.5154
25/07/2000,1.517
26/07/2000,1.5152
27/07/2000,1.5135
28/07/2000,1.5052
31/07/2000,1.4996
01/08/2000,1.492
02/08/2000,1.4921
03/08/2000,1.4947
04/08/2000,1.5025
07/08/2000,1.511
08/08/2000,1.5046
09/08/2000,1.5012
10/08/2000,1.497
11/08/2000,1.5029
14/08/2000,1.5039
15/08/2000,1.5137
16/08/2000,1.5009
17/08/2000,1.4996
18/08/2000,1.4894
21/08/2000,1.4874
22/08/2000,1.4841
23/08/2000,1.4867
24/08/2000,1.482
25/08/2000,1.4712
28/08/2000,1.4707
29/08/2000,1.4565
30/08/2000,1.4585
31/08/2000,1.4506
01/09/2000,1.4606
04/09/2000,1.4585
05/09/2000,1.4539
06/09/2000,1.4389
07/09/2000,1.4382
08/09/2000,1.4208
11/09/2000,1.4084
12/09/2000,1.4067
13/09/2000,1.4091
14/09/2000,1.4065
15/09/2000,1.3992
18/09/2000,1.4058
19/09/2000,1.41
20/09/2000,1.4096
21/09/2000,1.4362
22/09/2000,1.4588
25/09/2000,1.4504
26/09/2000,1.4624
27/09/2000,1.4636
28/09/2000,1.4635
29/09/2000,1.4651
02/10/2000,1.4688
03/10/2000,1.4574
04/10/2000,1.4596
05/10/2000,1.4465
06/10/2000,1.4445
09/10/2000,1.447
10/10/2000,1.453
11/10/2000,1.4606
12/10/2000,1.4705
13/10/2000,1.4521
16/10/2000,1.4473
17/10/2000,1.4494
18/10/2000,1.443
19/10/2000,1.4452
20/10/2000,1.45
23/10/2000,1.4528
24/10/2000,1.45
25/10/2000,1.4352
26/10/2000,1.4343
27/10/2000,1.4537
30/10/2000,1.4521
31/10/2000,1.4492
01/11/2000,1.4494
02/11/2000,1.4465
03/11/2000,1.4505
06/11/2000,1.4291
07/11/2000,1.4345
08/11/2000,1.4228
09/11/2000,1.432
10/11/2000,1.4275
13/11/2000,1.4393
14/11/2000,1.4295
15/11/2000,1.4265
16/11/2000,1.4236
17/11/2000,1.423
20/11/2000,1.4231
21/11/2000,1.4175
22/11/2000,1.4105
23/11/2000,1.3985
24/11/2000,1.4
27/11/2000,1.4185
28/11/2000,1.4183
29/11/2000,1.4235
30/11/2000,1.425
01/12/2000,1.438
04/12/2000,1.4536
05/12/2000,1.4343
06/12/2000,1.4421
07/12/2000,1.443
08/12/2000,1.4454
11/12/2000,1.4574
12/12/2000,1.4498
13/12/2000,1.4541
14/12/2000,1.4714
15/12/2000,1.4752
18/12/2000,1.4733
19/12/2000,1.4673
20/12/2000,1.4773
21/12/2000,1.4722
22/12/2000,1.4769
25/12/2000,1.4769
26/12/2000,1.4841
27/12/2000,1.4942
28/12/2000,1.4924
29/12/2000,1.4929
01/01/2001,1.629
02/01/2001,1.4989
03/01/2001,1.4914
04/01/2001,1.5005
05/01/2001,1.503
08/01/2001,1.4978
09/01/2001,1.491
10/01/2001,1.49
11/01/2001,1.495
12/01/2001,1.4788
15/01/2001,1.4775
16/01/2001,1.4704
17/01/2001,1.475
18/01/2001,1.473
19/01/2001,1.4642
22/01/2001,1.4651
23/01/2001,1.4699
24/01/2001,1.459
25/01/2001,1.4602
26/01/2001,1.4597
29/01/2001,1.4591
30/01/2001,1.4627
31/01/2001,1.464
01/02/2001,1.4791
02/02/2001,1.4668
05/02/2001,1.4755
06/02/2001,1.4587
07/02/2001,1.4555
08/02/2001,1.4443
09/02/2001,1.4467
12/02/2001,1.4518
13/02/2001,1.4524
14/02/2001,1.4572
15/02/2001,1.4488
16/02/2001,1.4498
19/02/2001,1.445
20/02/2001,1.4464
21/02/2001,1.4427
22/02/2001,1.4452
23/02/2001,1.4541
26/02/2001,1.4444
27/02/2001,1.4435
28/02/2001,1.4459
01/03/2001,1.4572
02/03/2001,1.4702
05/03/2001,1.4676
06/03/2001,1.4672
07/03/2001,1.4608
08/03/2001,1.4692
09/03/2001,1.4673
12/03/2001,1.4634
13/03/2001,1.4492
14/03/2001,1.4455
15/03/2001,1.4391
16/03/2001,1.4281
19/03/2001,1.4323
20/03/2001,1.4327
21/03/2001,1.4306
22/03/2001,1.4204
23/03/2001,1.4265
26/03/2001,1.4348
27/03/2001,1.4323
28/03/2001,1.4367
29/03/2001,1.437
30/03/2001,1.4174
02/04/2001,1.4168
03/04/2001,1.4329
04/04/2001,1.4341
05/04/2001,1.428
06/04/2001,1.4372
09/04/2001,1.4463
10/04/2001,1.4337
11/04/2001,1.4365
12/04/2001,1.439
13/04/2001,1.438
16/04/2001,1.4347
17/04/2001,1.4297
18/04/2001,1.4269
19/04/2001,1.444
20/04/2001,1.442
23/04/2001,1.4395
24/04/2001,1.436
25/04/2001,1.4402
26/04/2001,1.4411
27/04/2001,1.4334
30/04/2001,1.4308
01/05/2001,1.4343
02/05/2001,1.4329
03/05/2001,1.4355
04/05/2001,1.4385
07/05/2001,1.4385
08/05/2001,1.426
09/05/2001,1.4216
10/05/2001,1.4233
11/05/2001,1.4201
14/05/2001,1.4196
15/05/2001,1.424
16/05/2001,1.4307
17/05/2001,1.431
18/05/2001,1.4395
21/05/2001,1.4391
22/05/2001,1.4271
23/05/2001,1.4185
24/05/2001,1.4087
25/05/2001,1.422
28/05/2001,1.421
29/05/2001,1.4227
30/05/2001,1.4272
31/05/2001,1.4251
01/06/2001,1.418
04/06/2001,1.4146
05/06/2001,1.411
06/06/2001,1.3911
07/06/2001,1.3902
08/06/2001,1.3813
11/06/2001,1.3745
12/06/2001,1.3733
13/06/2001,1.3907
14/06/2001,1.4019
15/06/2001,1.4045
18/06/2001,1.4045
19/06/2001,1.4001
20/06/2001,1.3989
21/06/2001,1.4167
22/06/2001,1.4116
25/06/2001,1.4139
26/06/2001,1.4153
27/06/2001,1.4165
28/06/2001,1.4086
29/06/2001,1.4134
02/07/2001,1.4161
03/07/2001,1.4062
04/07/2001,1.407
05/07/2001,1.4004
06/07/2001,1.4123
09/07/2001,1.4083
10/07/2001,1.411
11/07/2001,1.4082
12/07/2001,1.4076
13/07/2001,1.402
16/07/2001,1.4011
17/07/2001,1.3994
18/07/2001,1.4173
19/07/2001,1.4281
20/07/2001,1.4311
23/07/2001,1.4191
24/07/2001,1.4236
25/07/2001,1.4276
26/07/2001,1.4284
27/07/2001,1.4243
30/07/2001,1.4269
31/07/2001,1.4255
01/08/2001,1.4344
02/08/2001,1.4316
03/08/2001,1.4289
06/08/2001,1.4201
07/08/2001,1.4171
08/08/2001,1.4163
09/08/2001,1.4261
10/08/2001,1.4239
13/08/2001,1.4219
14/08/2001,1.4285
15/08/2001,1.44
16/08/2001,1.4478
17/08/2001,1.4466
20/08/2001,1.4443
21/08/2001,1.4496
22/08/2001,1.449
23/08/2001,1.4476
24/08/2001,1.4435
27/08/2001,1.4449
28/08/2001,1.451
29/08/2001,1.4524
30/08/2001,1.4589
31/08/2001,1.4545
03/09/2001,1.455
04/09/2001,1.4422
05/09/2001,1.4579
06/09/2001,1.4558
07/09/2001,1.4612
10/09/2001,1.4584
11/09/2001,1.476
12/09/2001,1.468
13/09/2001,1.4706
14/09/2001,1.4714
17/09/2001,1.4663
18/09/2001,1.4686
19/09/2001,1.4694
20/09/2001,1.4653
21/09/2001,1.4557
24/09/2001,1.4628
25/09/2001,1.4701
26/09/2001,1.4749
27/09/2001,1.4739
28/09/2001,1.4724
01/10/2001,1.4781
02/10/2001,1.4692
03/10/2001,1.4748
04/10/2001,1.4763
05/10/2001,1.4803
08/10/2001,1.475
09/10/2001,1.459
10/10/2001,1.451
11/10/2001,1.4446
12/10/2001,1.4504
15/10/2001,1.4484
16/10/2001,1.4477
17/10/2001,1.4472
18/10/2001,1.4456
19/10/2001,1.4352
22/10/2001,1.4247
23/10/2001,1.425
24/10/2001,1.4282
25/10/2001,1.4289
26/10/2001,1.4373
29/10/2001,1.4525
30/10/2001,1.4529
31/10/2001,1.4552
01/11/2001,1.4623
02/11/2001,1.4615
05/11/2001,1.4596
06/11/2001,1.4603
07/11/2001,1.4624
08/11/2001,1.4537
09/11/2001,1.4571
12/11/2001,1.4575
13/11/2001,1.4432
14/11/2001,1.4415
15/11/2001,1.4322
16/11/2001,1.4281
19/11/2001,1.4135
20/11/2001,1.4193
21/11/2001,1.4153
22/11/2001,1.4125
23/11/2001,1.4107
26/11/2001,1.4114
27/11/2001,1.4145
28/11/2001,1.4252
29/11/2001,1.427
30/11/2001,1.4239
03/12/2001,1.4253
04/12/2001,1.4213
05/12/2001,1.4155
06/12/2001,1.4282
07/12/2001,1.4332
10/12/2001,1.4333
11/12/2001,1.4375
12/12/2001,1.4469
13/12/2001,1.4421
14/12/2001,1.4546
17/12/2001,1.4596
18/12/2001,1.4566
19/12/2001,1.45
20/12/2001,1.4482
21/12/2001,1.4375
24/12/2001,1.4429
25/12/2001,1.4445
26/12/2001,1.4541
27/12/2001,1.4507
28/12/2001,1.4503
31/12/2001,1.455
01/01/2002,1.455
02/01/2002,1.4449
03/01/2002,1.4373
04/01/2002,1.4463
07/01/2002,1.439
08/01/2002,1.4392
09/01/2002,1.4371
10/01/2002,1.4414
11/01/2002,1.4471
14/01/2002,1.4496
15/01/2002,1.44
16/01/2002,1.4367
17/01/2002,1.4362
18/01/2002,1.4383
21/01/2002,1.4355
22/01/2002,1.4293
23/01/2002,1.4237
24/01/2002,1.4222
25/01/2002,1.4085
28/01/2002,1.4078
29/01/2002,1.4129
30/01/2002,1.4139
31/01/2002,1.4102
01/02/2002,1.4163
04/02/2002,1.422
05/02/2002,1.415
06/02/2002,1.4129
07/02/2002,1.4138
08/02/2002,1.4151
11/02/2002,1.422
12/02/2002,1.4338
13/02/2002,1.4287
14/02/2002,1.4307
15/02/2002,1.4317
18/02/2002,1.4285
19/02/2002,1.432
20/02/2002,1.4281
21/02/2002,1.4247
22/02/2002,1.4326
25/02/2002,1.425
26/02/2002,1.4163
27/02/2002,1.4195
28/02/2002,1.4171
01/03/2002,1.4186
04/03/2002,1.4226
05/03/2002,1.4237
06/03/2002,1.4224
07/03/2002,1.4282
08/03/2002,1.4201
11/03/2002,1.42
12/03/2002,1.4157
13/03/2002,1.4158
14/03/2002,1.4209
15/03/2002,1.424
18/03/2002,1.4266
19/03/2002,1.4244
20/03/2002,1.428
21/03/2002,1.4253
22/03/2002,1.4254
25/03/2002,1.4257
26/03/2002,1.4266
27/03/2002,1.4248
28/03/2002,1.4254
29/03/2002,1.4254
01/04/2002,1.4412
02/04/2002,1.4365
03/04/2002,1.4359
04/04/2002,1.4339
05/04/2002,1.433
08/04/2002,1.4307
09/04/2002,1.436
10/04/2002,1.4366
11/04/2002,1.4388
12/04/2002,1.4365
15/04/2002,1.4383
16/04/2002,1.4391
17/04/2002,1.4443
18/04/2002,1.4486
19/04/2002,1.4483
22/04/2002,1.4498
23/04/2002,1.4471
24/04/2002,1.4482
25/04/2002,1.4547
26/04/2002,1.4573
29/04/2002,1.4591
30/04/2002,1.4575
01/05/2002,1.4631
02/05/2002,1.4631
03/05/2002,1.4676
06/05/2002,1.4682
07/05/2002,1.4677
08/05/2002,1.4556
09/05/2002,1.459
10/05/2002,1.4625
13/05/2002,1.4572
14/05/2002,1.4491
15/05/2002,1.46
16/05/2002,1.4567
17/05/2002,1.459
20/05/2002,1.4596
21/05/2002,1.4594
22/05/2002,1.4587
23/05/2002,1.4542
24/05/2002,1.4574
27/05/2002,1.4568
28/05/2002,1.4594
29/05/2002,1.4623
30/05/2002,1.4652
31/05/2002,1.4659
03/06/2002,1.4623
04/06/2002,1.4599
05/06/2002,1.4592
06/06/2002,1.4598
07/06/2002,1.4596
10/06/2002,1.4595
11/06/2002,1.4719
12/06/2002,1.4707
13/06/2002,1.4717
14/06/2002,1.475
17/06/2002,1.4791
18/06/2002,1.4913
19/06/2002,1.4909
20/06/2002,1.4986
21/06/2002,1.4961
24/06/2002,1.4961
25/06/2002,1.505
26/06/2002,1.5284
27/06/2002,1.5274
28/06/2002,1.5315
01/07/2002,1.5304
02/07/2002,1.5326
03/07/2002,1.5242
04/07/2002,1.5255
05/07/2002,1.5222
08/07/2002,1.5373
09/07/2002,1.5487
10/07/2002,1.5466
11/07/2002,1.5574
12/07/2002,1.5509
15/07/2002,1.571
16/07/2002,1.5708
17/07/2002,1.572
18/07/2002,1.5716
19/07/2002,1.5783
22/07/2002,1.5768
23/07/2002,1.5572
24/07/2002,1.5758
25/07/2002,1.5823
26/07/2002,1.5655
29/07/2002,1.561
30/07/2002,1.5725
31/07/2002,1.5623
01/08/2002,1.5592
02/08/2002,1.569
05/08/2002,1.5611
06/08/2002,1.5363
07/08/2002,1.5377
08/08/2002,1.5297
09/08/2002,1.5238
12/08/2002,1.5313
13/08/2002,1.5337
14/08/2002,1.5371
15/08/2002,1.535
16/08/2002,1.5368
19/08/2002,1.5263
20/08/2002,1.5287
21/08/2002,1.5317
22/08/2002,1.5214
23/08/2002,1.5187
26/08/2002,1.5216
27/08/2002,1.535
28/08/2002,1.5357
29/08/2002,1.5481
30/08/2002,1.5481
02/09/2002,1.5495
03/09/2002,1.5628
04/09/2002,1.5643
05/09/2002,1.5676
06/09/2002,1.5577
09/09/2002,1.5555
10/09/2002,1.5552
11/09/2002,1.5529
12/09/2002,1.5602
13/09/2002,1.5525
16/09/2002,1.5434
17/09/2002,1.5382
18/09/2002,1.5489
19/09/2002,1.5552
20/09/2002,1.5537
23/09/2002,1.5506
24/09/2002,1.559
25/09/2002,1.5585
26/09/2002,1.5578
27/09/2002,1.5602
30/09/2002,1.5695
01/10/2002,1.5663
02/10/2002,1.5669
03/10/2002,1.5689
04/10/2002,1.5662
07/10/2002,1.5643
08/10/2002,1.5536
09/10/2002,1.5653
10/10/2002,1.5645
11/10/2002,1.5609
14/10/2002,1.5575
15/10/2002,1.5515
16/10/2002,1.5539
17/10/2002,1.5519
18/10/2002,1.5458
21/10/2002,1.5435
22/10/2002,1.5475
23/10/2002,1.5475
24/10/2002,1.5519
25/10/2002,1.5509
28/10/2002,1.5592
29/10/2002,1.5586
30/10/2002,1.5577
31/10/2002,1.5641
01/11/2002,1.5639
04/11/2002,1.5562
05/11/2002,1.5625
06/11/2002,1.5643
07/11/2002,1.5809
08/11/2002,1.5899
11/11/2002,1.586
12/11/2002,1.5887
13/11/2002,1.5853
14/11/2002,1.5809
15/11/2002,1.5802
18/11/2002,1.5811
19/11/2002,1.5799
20/11/2002,1.573
21/11/2002,1.5789
22/11/2002,1.579
25/11/2002,1.5637
26/11/2002,1.5511
27/11/2002,1.5465
28/11/2002,1.5537
29/11/2002,1.5556
02/12/2002,1.5582
03/12/2002,1.559
04/12/2002,1.5685
05/12/2002,1.571
06/12/2002,1.5751
09/12/2002,1.5779
10/12/2002,1.572
11/12/2002,1.5769
12/12/2002,1.5818
13/12/2002,1.5897
16/12/2002,1.5919
17/12/2002,1.5984
18/12/2002,1.6007
19/12/2002,1.6036
20/12/2002,1.6033
23/12/2002,1.592
24/12/2002,1.5956
25/12/2002,1.5955
26/12/2002,1.6
27/12/2002,1.6035
30/12/2002,1.6053
31/12/2002,1.6106
01/01/2003,1.6106
02/01/2003,1.5931
03/01/2003,1.6075
06/01/2003,1.6083
07/01/2003,1.6042
08/01/2003,1.6118
09/01/2003,1.6059
10/01/2003,1.6094
13/01/2003,1.6004
14/01/2003,1.6059
15/01/2003,1.604
16/01/2003,1.6117
17/01/2003,1.6169
20/01/2003,1.609
21/01/2003,1.6156
22/01/2003,1.6175
23/01/2003,1.6219
24/01/2003,1.6342
27/01/2003,1.6364
28/01/2003,1.6393
29/01/2003,1.6468
30/01/2003,1.6527
31/01/2003,1.647
03/02/2003,1.6413
04/02/2003,1.6487
05/02/2003,1.644
06/02/2003,1.6371
07/02/2003,1.632
10/02/2003,1.6281
11/02/2003,1.6181
12/02/2003,1.616
13/02/2003,1.6208
14/02/2003,1.6108
17/02/2003,1.5995
18/02/2003,1.5916
19/02/2003,1.5971
20/02/2003,1.5938
21/02/2003,1.5795
24/02/2003,1.5852
25/02/2003,1.5743
26/02/2003,1.5795
27/02/2003,1.5804
28/02/2003,1.5739
03/03/2003,1.5784
04/03/2003,1.5811
05/03/2003,1.6024
06/03/2003,1.6023
07/03/2003,1.601
10/03/2003,1.6
11/03/2003,1.6058
12/03/2003,1.6118
13/03/2003,1.6011
14/03/2003,1.5838
17/03/2003,1.571
18/03/2003,1.5665
19/03/2003,1.5635
20/03/2003,1.5647
21/03/2003,1.564
24/03/2003,1.5743
25/03/2003,1.5718
26/03/2003,1.5744
27/03/2003,1.5647
28/03/2003,1.5752
31/03/2003,1.582
01/04/2003,1.5778
02/04/2003,1.5665
03/04/2003,1.57
04/04/2003,1.5611
07/04/2003,1.5514
08/04/2003,1.555
09/04/2003,1.5628
10/04/2003,1.5716
11/04/2003,1.5713
14/04/2003,1.5734
15/04/2003,1.5716
16/04/2003,1.5804
17/04/2003,1.5713
18/04/2003,1.5735
21/04/2003,1.562
22/04/2003,1.5775
23/04/2003,1.587
24/04/2003,1.5935
25/04/2003,1.5885
28/04/2003,1.5888
29/04/2003,1.5945
30/04/2003,1.599
01/05/2003,1.6093
02/05/2003,1.604
05/05/2003,1.607
06/05/2003,1.6136
07/05/2003,1.596
08/05/2003,1.6003
09/05/2003,1.6046
12/05/2003,1.61
13/05/2003,1.6086
14/05/2003,1.6078
15/05/2003,1.6211
16/05/2003,1.6235
19/05/2003,1.6328
20/05/2003,1.6407
21/05/2003,1.6367
22/05/2003,1.6363
23/05/2003,1.6371
26/05/2003,1.6395
27/05/2003,1.6387
28/05/2003,1.6375
29/05/2003,1.6522
30/05/2003,1.6385
02/06/2003,1.638
03/06/2003,1.6283
04/06/2003,1.633
05/06/2003,1.66
06/06/2003,1.6603
09/06/2003,1.6457
10/06/2003,1.6515
11/06/2003,1.6672
12/06/2003,1.6687
13/06/2003,1.6723
16/06/2003,1.6782
17/06/2003,1.685
18/06/2003,1.6793
19/06/2003,1.6785
20/06/2003,1.6603
23/06/2003,1.6685
24/06/2003,1.6633
25/06/2003,1.6728
26/06/2003,1.6616
27/06/2003,1.649
30/06/2003,1.6555
01/07/2003,1.6632
02/07/2003,1.6644
03/07/2003,1.6704
04/07/2003,1.6667
07/07/2003,1.6485
08/07/2003,1.6346
09/07/2003,1.6347
10/07/2003,1.6355
11/07/2003,1.6307
14/07/2003,1.6131
15/07/2003,1.5912
16/07/2003,1.596
17/07/2003,1.5949
18/07/2003,1.5898
21/07/2003,1.6
22/07/2003,1.598
23/07/2003,1.608
24/07/2003,1.615
25/07/2003,1.6203
28/07/2003,1.6255
29/07/2003,1.6235
30/07/2003,1.616
31/07/2003,1.61
01/08/2003,1.6082
04/08/2003,1.6102
05/08/2003,1.6091
06/08/2003,1.609
07/08/2003,1.6181
08/08/2003,1.6028
11/08/2003,1.609
12/08/2003,1.6036
13/08/2003,1.6072
14/08/2003,1.6
15/08/2003,1.5965
18/08/2003,1.5905
19/08/2003,1.5883
20/08/2003,1.595
21/08/2003,1.577
22/08/2003,1.5755
25/08/2003,1.5716
26/08/2003,1.57
27/08/2003,1.5721
28/08/2003,1.576
29/08/2003,1.577
01/09/2003,1.5698
02/09/2003,1.5682
03/09/2003,1.5694
04/09/2003,1.5814
05/09/2003,1.5888
08/09/2003,1.5846
09/09/2003,1.5895
10/09/2003,1.5913
11/09/2003,1.5947
12/09/2003,1.5938
15/09/2003,1.6014
16/09/2003,1.5865
17/09/2003,1.6096
18/09/2003,1.6136
19/09/2003,1.6317
22/09/2003,1.6511
23/09/2003,1.6526
24/09/2003,1.6585
25/09/2003,1.661
26/09/2003,1.6582
29/09/2003,1.6655
30/09/2003,1.6625
01/10/2003,1.6672
02/10/2003,1.6698
03/10/2003,1.662
06/10/2003,1.6705
07/10/2003,1.6626
08/10/2003,1.662
09/10/2003,1.6676
10/10/2003,1.666
13/10/2003,1.667
14/10/2003,1.6715
15/10/2003,1.6676
16/10/2003,1.674
17/10/2003,1.6773
20/10/2003,1.6741
21/10/2003,1.6725
22/10/2003,1.6929
23/10/2003,1.6946
24/10/2003,1.6976
27/10/2003,1.695
28/10/2003,1.6974
29/10/2003,1.7004
30/10/2003,1.6953
31/10/2003,1.6942
03/11/2003,1.6758
04/11/2003,1.6814
05/11/2003,1.6728
06/11/2003,1.6674
07/11/2003,1.6737
10/11/2003,1.6716
11/11/2003,1.6647
12/11/2003,1.6727
13/11/2003,1.6863
14/11/2003,1.687
17/11/2003,1.6927
18/11/2003,1.7022
19/11/2003,1.6971
20/11/2003,1.7034
21/11/2003,1.7033
24/11/2003,1.6957
25/11/2003,1.698
26/11/2003,1.7102
27/11/2003,1.7137
28/11/2003,1.7216
01/12/2003,1.7195
02/12/2003,1.7287
03/12/2003,1.7273
04/12/2003,1.722
05/12/2003,1.7292
08/12/2003,1.7326
09/12/2003,1.7459
10/12/2003,1.743
11/12/2003,1.7458
12/12/2003,1.7464
15/12/2003,1.7457
16/12/2003,1.7545
17/12/2003,1.7648
18/12/2003,1.7718
19/12/2003,1.766
22/12/2003,1.7638
23/12/2003,1.7635
24/12/2003,1.7755
25/12/2003,1.7745
26/12/2003,1.771
29/12/2003,1.773
30/12/2003,1.7785
31/12/2003,1.7855
01/01/2004,1.786
02/01/2004,1.7925
05/01/2004,1.8079
06/01/2004,1.8239
07/01/2004,1.8194
08/01/2004,1.8319
09/01/2004,1.8468
12/01/2004,1.8468
13/01/2004,1.8422
14/01/2004,1.8341
15/01/2004,1.821
16/01/2004,1.7959
19/01/2004,1.7831
20/01/2004,1.82
21/01/2004,1.8294
22/01/2004,1.8445
23/01/2004,1.8251
26/01/2004,1.814
27/01/2004,1.8264
28/01/2004,1.8234
29/01/2004,1.8147
30/01/2004,1.8242
02/02/2004,1.8175
03/02/2004,1.8384
04/02/2004,1.8328
05/02/2004,1.8333
06/02/2004,1.8466
09/02/2004,1.8574
10/02/2004,1.8705
11/02/2004,1.887
12/02/2004,1.8901
13/02/2004,1.8855
16/02/2004,1.889
17/02/2004,1.9035
18/02/2004,1.886
19/02/2004,1.8953
20/02/2004,1.8605
23/02/2004,1.8631
24/02/2004,1.8896
25/02/2004,1.8708
26/02/2004,1.8611
27/02/2004,1.8665
01/03/2004,1.8675
02/03/2004,1.84
03/03/2004,1.8295
04/03/2004,1.8231
05/03/2004,1.8466
08/03/2004,1.8467
09/03/2004,1.825
10/03/2004,1.8055
11/03/2004,1.8089
12/03/2004,1.8037
15/03/2004,1.8027
16/03/2004,1.8125
17/03/2004,1.8175
18/03/2004,1.833
19/03/2004,1.8313
22/03/2004,1.8466
23/03/2004,1.8481
24/03/2004,1.823
25/03/2004,1.808
26/03/2004,1.8135
29/03/2004,1.8179
30/03/2004,1.8259
31/03/2004,1.8438
01/04/2004,1.8551
02/04/2004,1.8314
05/04/2004,1.8186
06/04/2004,1.8385
07/04/2004,1.84
08/04/2004,1.83
09/04/2004,1.8315
12/04/2004,1.8385
13/04/2004,1.8187
14/04/2004,1.7902
15/04/2004,1.7913
16/04/2004,1.7986
19/04/2004,1.8079
20/04/2004,1.7865
21/04/2004,1.7731
22/04/2004,1.7702
23/04/2004,1.7713
26/04/2004,1.7879
27/04/2004,1.7908
28/04/2004,1.7726
29/04/2004,1.7745
30/04/2004,1.7782
03/05/2004,1.7712
04/05/2004,1.7917
05/05/2004,1.7929
06/05/2004,1.7955
07/05/2004,1.7877
10/05/2004,1.777
11/05/2004,1.7575
12/05/2004,1.772
13/05/2004,1.7621
14/05/2004,1.759
17/05/2004,1.7683
18/05/2004,1.7663
19/05/2004,1.7825
20/05/2004,1.777
21/05/2004,1.7895
24/05/2004,1.7917
25/05/2004,1.8118
26/05/2004,1.8159
27/05/2004,1.839
28/05/2004,1.8328
31/05/2004,1.8315
01/06/2004,1.8396
02/06/2004,1.835
03/06/2004,1.8405
04/06/2004,1.8399
07/06/2004,1.8399
08/06/2004,1.8346
09/06/2004,1.829
10/06/2004,1.8429
11/06/2004,1.818
14/06/2004,1.8134
15/06/2004,1.8316
16/06/2004,1.828
17/06/2004,1.8362
18/06/2004,1.838
21/06/2004,1.83
22/06/2004,1.8189
23/06/2004,1.8165
24/06/2004,1.825
25/06/2004,1.8245
28/06/2004,1.83
29/06/2004,1.8071
30/06/2004,1.8174
01/07/2004,1.821
02/07/2004,1.8332
05/07/2004,1.83
06/07/2004,1.8423
07/07/2004,1.855
08/07/2004,1.8515
09/07/2004,1.861
12/07/2004,1.8643
13/07/2004,1.8565
14/07/2004,1.8563
15/07/2004,1.8512
16/07/2004,1.8738
19/07/2004,1.868
20/07/2004,1.8515
21/07/2004,1.839
22/07/2004,1.8425
23/07/2004,1.8308
26/07/2004,1.8415
27/07/2004,1.823
28/07/2004,1.8235
29/07/2004,1.8154
30/07/2004,1.82
02/08/2004,1.8281
03/08/2004,1.8265
04/08/2004,1.8255
05/08/2004,1.8244
06/08/2004,1.8408
09/08/2004,1.8407
10/08/2004,1.8267
11/08/2004,1.8289
12/08/2004,1.8243
13/08/2004,1.8419
16/08/2004,1.8413
17/08/2004,1.8276
18/08/2004,1.8225
19/08/2004,1.8314
20/08/2004,1.8182
23/08/2004,1.8088
24/08/2004,1.7925
25/08/2004,1.797
26/08/2004,1.7958
27/08/2004,1.7895
30/08/2004,1.7936
31/08/2004,1.8025
01/09/2004,1.793
02/09/2004,1.789
03/09/2004,1.7761
06/09/2004,1.78
07/09/2004,1.7744
08/09/2004,1.7885
09/09/2004,1.7844
10/09/2004,1.7965
13/09/2004,1.796
14/09/2004,1.796
15/09/2004,1.7755
16/09/2004,1.793
17/09/2004,1.7935
20/09/2004,1.7852
21/09/2004,1.797
22/09/2004,1.7927
23/09/2004,1.7976
24/09/2004,1.8037
27/09/2004,1.8083
28/09/2004,1.8123
29/09/2004,1.8001
30/09/2004,1.8117
01/10/2004,1.7975
04/10/2004,1.784
05/10/2004,1.7829
06/10/2004,1.7755
07/10/2004,1.7821
08/10/2004,1.7955
11/10/2004,1.7965
12/10/2004,1.7887
13/10/2004,1.7933
14/10/2004,1.7972
15/10/2004,1.8035
18/10/2004,1.7995
19/10/2004,1.8031
20/10/2004,1.8179
21/10/2004,1.8285
22/10/2004,1.8252
25/10/2004,1.8412
26/10/2004,1.835
27/10/2004,1.829
28/10/2004,1.8279
29/10/2004,1.8369
01/11/2004,1.8327
02/11/2004,1.836
03/11/2004,1.849
04/11/2004,1.8423
05/11/2004,1.8557
08/11/2004,1.8544
09/11/2004,1.8561
10/11/2004,1.8445
11/11/2004,1.8427
12/11/2004,1.8582
15/11/2004,1.845
16/11/2004,1.8534
17/11/2004,1.859
18/11/2004,1.8495
19/11/2004,1.8562
22/11/2004,1.8578
23/11/2004,1.8678
24/11/2004,1.881
25/11/2004,1.8875
26/11/2004,1.8975
29/11/2004,1.8941
30/11/2004,1.911
01/12/2004,1.9327
02/12/2004,1.9232
03/12/2004,1.9417
06/12/2004,1.9387
07/12/2004,1.9458
08/12/2004,1.9345
09/12/2004,1.925
10/12/2004,1.9161
13/12/2004,1.9267
14/12/2004,1.9287
15/12/2004,1.9423
16/12/2004,1.9289
17/12/2004,1.9392
20/12/2004,1.9465
21/12/2004,1.9268
22/12/2004,1.9156
23/12/2004,1.9228
24/12/2004,1.9257
27/12/2004,1.936
28/12/2004,1.9295
29/12/2004,1.9154
30/12/2004,1.925
31/12/2004,1.9156
03/01/2005,1.9048
04/01/2005,1.88
05/01/2005,1.8843
06/01/2005,1.874
07/01/2005,1.8701
10/01/2005,1.8759
11/01/2005,1.8777
12/01/2005,1.891
13/01/2005,1.8799
14/01/2005,1.8701
17/01/2005,1.8606
18/01/2005,1.8667
19/01/2005,1.8691
20/01/2005,1.8729
21/01/2005,1.8795
24/01/2005,1.8803
25/01/2005,1.8633
26/01/2005,1.8815
27/01/2005,1.8879
28/01/2005,1.888
31/01/2005,1.8824
01/02/2005,1.884
02/02/2005,1.8866
03/02/2005,1.8816
04/02/2005,1.875
07/02/2005,1.8586
08/02/2005,1.855
09/02/2005,1.8582
10/02/2005,1.8685
11/02/2005,1.8674
14/02/2005,1.8889
15/02/2005,1.8947
16/02/2005,1.8861
17/02/2005,1.8935
18/02/2005,1.894
21/02/2005,1.8964
22/02/2005,1.9119
23/02/2005,1.9099
24/02/2005,1.9107
25/02/2005,1.9184
28/02/2005,1.923
01/03/2005,1.9203
02/03/2005,1.9131
03/03/2005,1.9072
04/03/2005,1.9237
07/03/2005,1.9138
08/03/2005,1.928
09/03/2005,1.9263
10/03/2005,1.9222
11/03/2005,1.927
14/03/2005,1.9141
15/03/2005,1.9125
16/03/2005,1.9254
17/03/2005,1.9234
18/03/2005,1.919
21/03/2005,1.8984
22/03/2005,1.8852
23/03/2005,1.8671
24/03/2005,1.8696
25/03/2005,1.8684
28/03/2005,1.8654
29/03/2005,1.8749
30/03/2005,1.8802
31/03/2005,1.8905
01/04/2005,1.8813
04/04/2005,1.8757
05/04/2005,1.8808
06/04/2005,1.8805
07/04/2005,1.8697
08/04/2005,1.8844
11/04/2005,1.8908
12/04/2005,1.8907
13/04/2005,1.8936
14/04/2005,1.8813
15/04/2005,1.8916
18/04/2005,1.9036
19/04/2005,1.9193
20/04/2005,1.9191
21/04/2005,1.9081
22/04/2005,1.9145
25/04/2005,1.911
26/04/2005,1.906
27/04/2005,1.9055
28/04/2005,1.907
29/04/2005,1.907
02/05/2005,1.8949
03/05/2005,1.8908
04/05/2005,1.9013
05/05/2005,1.9052
06/05/2005,1.8907
09/05/2005,1.8828
10/05/2005,1.8822
11/05/2005,1.8707
12/05/2005,1.8655
13/05/2005,1.85
16/05/2005,1.8369
17/05/2005,1.834
18/05/2005,1.8407
19/05/2005,1.8352
20/05/2005,1.8261
23/05/2005,1.8288
24/05/2005,1.8277
25/05/2005,1.8315
26/05/2005,1.8209
27/05/2005,1.8235
30/05/2005,1.8235
31/05/2005,1.8178
01/06/2005,1.809
02/06/2005,1.8166
03/06/2005,1.8132
06/06/2005,1.8238
07/06/2005,1.8347
08/06/2005,1.8251
09/06/2005,1.8199
10/06/2005,1.8122
13/06/2005,1.8064
14/06/2005,1.8068
15/06/2005,1.8224
16/06/2005,1.8225
17/06/2005,1.829
20/06/2005,1.823
21/06/2005,1.8292
22/06/2005,1.8223
23/06/2005,1.8145
24/06/2005,1.8234
27/06/2005,1.8278
28/06/2005,1.8163
29/06/2005,1.8055
30/06/2005,1.7906
01/07/2005,1.7704
04/07/2005,1.759
05/07/2005,1.7557
06/07/2005,1.7555
07/07/2005,1.7445
08/07/2005,1.7359
11/07/2005,1.7582
12/07/2005,1.777
13/07/2005,1.757
14/07/2005,1.7557
15/07/2005,1.7516
18/07/2005,1.7491
19/07/2005,1.7403
20/07/2005,1.7409
21/07/2005,1.7528
22/07/2005,1.7376
25/07/2005,1.7471
26/07/2005,1.7378
27/07/2005,1.7464
28/07/2005,1.7561
29/07/2005,1.758
01/08/2005,1.7705
02/08/2005,1.7718
03/08/2005,1.7793
04/08/2005,1.7804
05/08/2005,1.7774
08/08/2005,1.7867
09/08/2005,1.7861
10/08/2005,1.7951
11/08/2005,1.811
12/08/2005,1.815
15/08/2005,1.8115
16/08/2005,1.8096
17/08/2005,1.805
18/08/2005,1.7936
19/08/2005,1.7975
22/08/2005,1.8001
23/08/2005,1.8009
24/08/2005,1.8
25/08/2005,1.8045
26/08/2005,1.801
29/08/2005,1.7957
30/08/2005,1.7856
31/08/2005,1.804
01/09/2005,1.8335
02/09/2005,1.8448
05/09/2005,1.8435
06/09/2005,1.8435
07/09/2005,1.8366
08/09/2005,1.8352
09/09/2005,1.8385
12/09/2005,1.8193
13/09/2005,1.8226
14/09/2005,1.8227
15/09/2005,1.8058
16/09/2005,1.8081
19/09/2005,1.8037
20/09/2005,1.799
21/09/2005,1.8085
22/09/2005,1.7909
23/09/2005,1.7774
26/09/2005,1.7781
27/09/2005,1.7664
28/09/2005,1.766
29/09/2005,1.7611
30/09/2005,1.7622
03/10/2005,1.7558
04/10/2005,1.759
05/10/2005,1.7613
06/10/2005,1.7801
07/10/2005,1.7625
10/10/2005,1.7533
11/10/2005,1.745
12/10/2005,1.7516
13/10/2005,1.757
14/10/2005,1.7699
17/10/2005,1.754
18/10/2005,1.7496
19/10/2005,1.763
20/10/2005,1.7736
21/10/2005,1.7665
24/10/2005,1.7672
25/10/2005,1.7848
26/10/2005,1.7745
27/10/2005,1.784
28/10/2005,1.7737
31/10/2005,1.7703
01/11/2005,1.7632
02/11/2005,1.776
03/11/2005,1.7701
04/11/2005,1.7511
07/11/2005,1.7452
08/11/2005,1.7426
09/11/2005,1.7435
10/11/2005,1.7417
11/11/2005,1.7406
14/11/2005,1.7374
15/11/2005,1.7331
16/11/2005,1.718
17/11/2005,1.7203
18/11/2005,1.7172
21/11/2005,1.7174
22/11/2005,1.722
23/11/2005,1.7213
24/11/2005,1.7225
25/11/2005,1.7135
28/11/2005,1.7328
29/11/2005,1.7198
30/11/2005,1.7286
01/12/2005,1.7307
02/12/2005,1.7337
05/12/2005,1.7428
06/12/2005,1.742
07/12/2005,1.7349
08/12/2005,1.7536
09/12/2005,1.7547
12/12/2005,1.7754
13/12/2005,1.7694
14/12/2005,1.7733
15/12/2005,1.7643
16/12/2005,1.7716
19/12/2005,1.7624
20/12/2005,1.7549
21/12/2005,1.7435
22/12/2005,1.7378
23/12/2005,1.7334
26/12/2005,1.7343
27/12/2005,1.7267
28/12/2005,1.715
29/12/2005,1.7242
30/12/2005,1.718
02/01/2006,1.718
03/01/2006,1.7452
04/01/2006,1.7582
05/01/2006,1.7559
06/01/2006,1.7707
09/01/2006,1.7651
10/01/2006,1.7656
11/01/2006,1.7642
12/01/2006,1.7598
13/01/2006,1.7767
16/01/2006,1.7668
17/01/2006,1.7663
18/01/2006,1.7616
19/01/2006,1.7588
20/01/2006,1.7715
23/01/2006,1.7868
24/01/2006,1.786
25/01/2006,1.7841
26/01/2006,1.7806
27/01/2006,1.7674
30/01/2006,1.767
31/01/2006,1.7804
01/02/2006,1.7734
02/02/2006,1.7799
03/02/2006,1.7621
06/02/2006,1.748
07/02/2006,1.7454
08/02/2006,1.7392
09/02/2006,1.7393
10/02/2006,1.7441
13/02/2006,1.7425
14/02/2006,1.7356
15/02/2006,1.7397
16/02/2006,1.7391
17/02/2006,1.7393
20/02/2006,1.7445
21/02/2006,1.746
22/02/2006,1.7422
23/02/2006,1.7517
24/02/2006,1.7445
27/02/2006,1.7403
28/02/2006,1.7541
01/03/2006,1.7499
02/03/2006,1.7547
03/03/2006,1.7538
06/03/2006,1.749
07/03/2006,1.7362
08/03/2006,1.7369
09/03/2006,1.7356
10/03/2006,1.7265
13/03/2006,1.7324
14/03/2006,1.7461
15/03/2006,1.7474
16/03/2006,1.7572
17/03/2006,1.7569
20/03/2006,1.7564
21/03/2006,1.7478
22/03/2006,1.7472
23/03/2006,1.7336
24/03/2006,1.7423
27/03/2006,1.7473
28/03/2006,1.7446
29/03/2006,1.7341
30/03/2006,1.7461
31/03/2006,1.7365
03/04/2006,1.7386
04/04/2006,1.7559
05/04/2006,1.7532
06/04/2006,1.7524
07/04/2006,1.7428
10/04/2006,1.744
11/04/2006,1.749
12/04/2006,1.7503
13/04/2006,1.752
14/04/2006,1.7516
17/04/2006,1.7693
18/04/2006,1.7801
19/04/2006,1.792
20/04/2006,1.7785
21/04/2006,1.7825
24/04/2006,1.7896
25/04/2006,1.789
26/04/2006,1.7839
27/04/2006,1.803
28/04/2006,1.8218
01/05/2006,1.8264
02/05/2006,1.8405
03/05/2006,1.8411
04/05/2006,1.8538
05/05/2006,1.8593
08/05/2006,1.8572
09/05/2006,1.8659
10/05/2006,1.8664
11/05/2006,1.8816
12/05/2006,1.8928
15/05/2006,1.88
16/05/2006,1.8883
17/05/2006,1.8812
18/05/2006,1.8933
19/05/2006,1.8775
22/05/2006,1.8865
23/05/2006,1.8854
24/05/2006,1.8717
25/05/2006,1.8722
26/05/2006,1.856
29/05/2006,1.8587
30/05/2006,1.8837
31/05/2006,1.8701
01/06/2006,1.865
02/06/2006,1.8833
05/06/2006,1.8738
06/06/2006,1.8622
07/06/2006,1.8562
08/06/2006,1.8419
09/06/2006,1.8411
12/06/2006,1.845
13/06/2006,1.8327
14/06/2006,1.8421
15/06/2006,1.847
16/06/2006,1.8515
19/06/2006,1.8398
20/06/2006,1.8423
21/06/2006,1.844
22/06/2006,1.8284
23/06/2006,1.8191
26/06/2006,1.8234
27/06/2006,1.8228
28/06/2006,1.8183
29/06/2006,1.8295
30/06/2006,1.8475
03/07/2006,1.8415
04/07/2006,1.8464
05/07/2006,1.8351
06/07/2006,1.8359
07/07/2006,1.8518
10/07/2006,1.8405
11/07/2006,1.846
12/07/2006,1.8326
13/07/2006,1.8429
14/07/2006,1.837
17/07/2006,1.8192
18/07/2006,1.8267
19/07/2006,1.843
20/07/2006,1.8494
21/07/2006,1.8585
24/07/2006,1.85
25/07/2006,1.8402
26/07/2006,1.852
27/07/2006,1.8573
28/07/2006,1.8639
31/07/2006,1.8676
01/08/2006,1.876
02/08/2006,1.8781
03/08/2006,1.8887
04/08/2006,1.9088
07/08/2006,1.9059
08/08/2006,1.9097
09/08/2006,1.905
10/08/2006,1.8932
11/08/2006,1.8896
14/08/2006,1.8877
15/08/2006,1.8929
16/08/2006,1.895
17/08/2006,1.8839
18/08/2006,1.8811
21/08/2006,1.8944
22/08/2006,1.8869
23/08/2006,1.8934
24/08/2006,1.8884
25/08/2006,1.8871
28/08/2006,1.8948
29/08/2006,1.8985
30/08/2006,1.9045
31/08/2006,1.9047
01/09/2006,1.9049
04/09/2006,1.9044
05/09/2006,1.8945
06/09/2006,1.8847
07/09/2006,1.8753
08/09/2006,1.8652
11/09/2006,1.8646
12/09/2006,1.8744
13/09/2006,1.8763
14/09/2006,1.8763
15/09/2006,1.8782
18/09/2006,1.8805
19/09/2006,1.8816
20/09/2006,1.8887
21/09/2006,1.9026
22/09/2006,1.9013
25/09/2006,1.9018
26/09/2006,1.8963
27/09/2006,1.8886
28/09/2006,1.8767
29/09/2006,1.8711
02/10/2006,1.8869
03/10/2006,1.8876
04/10/2006,1.8859
05/10/2006,1.879
06/10/2006,1.8711
09/10/2006,1.8672
10/10/2006,1.8541
11/10/2006,1.8533
12/10/2006,1.8576
13/10/2006,1.8568
16/10/2006,1.8605
17/10/2006,1.8701
18/10/2006,1.8673
19/10/2006,1.8776
20/10/2006,1.8841
23/10/2006,1.8738
24/10/2006,1.8742
25/10/2006,1.8792
26/10/2006,1.8906
27/10/2006,1.8961
30/10/2006,1.9018
31/10/2006,1.9075
01/11/2006,1.9088
02/11/2006,1.9089
03/11/2006,1.9009
06/11/2006,1.8971
07/11/2006,1.9054
08/11/2006,1.9056
09/11/2006,1.9056
10/11/2006,1.9116
13/11/2006,1.9011
14/11/2006,1.8971
15/11/2006,1.8891
16/11/2006,1.888
17/11/2006,1.8938
20/11/2006,1.8965
21/11/2006,1.8996
22/11/2006,1.9137
23/11/2006,1.9156
24/11/2006,1.9315
27/11/2006,1.9373
28/11/2006,1.9509
29/11/2006,1.9447
30/11/2006,1.966
01/12/2006,1.9804
04/12/2006,1.9797
05/12/2006,1.9742
06/12/2006,1.9652
07/12/2006,1.9621
08/12/2006,1.953
11/12/2006,1.9585
12/12/2006,1.9698
13/12/2006,1.9658
14/12/2006,1.9609
15/12/2006,1.9515
18/12/2006,1.9489
19/12/2006,1.968
20/12/2006,1.9644
21/12/2006,1.9615
22/12/2006,1.9663
25/12/2006,1.956
26/12/2006,1.9535
27/12/2006,1.957
28/12/2006,1.9627
29/12/2006,1.9572
01/01/2007,1.9627
02/01/2007,1.9738
03/01/2007,1.9504
04/01/2007,1.9441
05/01/2007,1.9302
08/01/2007,1.9379
09/01/2007,1.9398
10/01/2007,1.9328
11/01/2007,1.9448
12/01/2007,1.957
15/01/2007,1.9645
16/01/2007,1.9624
17/01/2007,1.9689
18/01/2007,1.9732
19/01/2007,1.9733
22/01/2007,1.9763
23/01/2007,1.9826
24/01/2007,1.9668
25/01/2007,1.964
26/01/2007,1.959
29/01/2007,1.9592
30/01/2007,1.9613
31/01/2007,1.9638
01/02/2007,1.9675
02/02/2007,1.9674
05/02/2007,1.9596
06/02/2007,1.9703
07/02/2007,1.9692
08/02/2007,1.958
09/02/2007,1.9505
12/02/2007,1.9468
13/02/2007,1.9456
14/02/2007,1.9619
15/02/2007,1.951
16/02/2007,1.9503
19/02/2007,1.9499
20/02/2007,1.9552
21/02/2007,1.9544
22/02/2007,1.9564
23/02/2007,1.9634
26/02/2007,1.9641
27/02/2007,1.9615
28/02/2007,1.9638
01/03/2007,1.9601
02/03/2007,1.9434
05/03/2007,1.9223
06/03/2007,1.9312
07/03/2007,1.934
08/03/2007,1.929
09/03/2007,1.9318
12/03/2007,1.9317
13/03/2007,1.9281
14/03/2007,1.9352
15/03/2007,1.9362
16/03/2007,1.9418
19/03/2007,1.9438
20/03/2007,1.9605
21/03/2007,1.9676
22/03/2007,1.965
23/03/2007,1.9614
26/03/2007,1.9697
27/03/2007,1.9661
28/03/2007,1.9617
29/03/2007,1.9621
30/03/2007,1.9672
02/04/2007,1.9783
03/04/2007,1.9747
04/04/2007,1.9753
05/04/2007,1.9708
06/04/2007,1.9648
09/04/2007,1.9615
10/04/2007,1.9717
11/04/2007,1.9751
12/04/2007,1.9781
13/04/2007,1.9864
16/04/2007,1.9898
17/04/2007,2.006
18/04/2007,2.0056
19/04/2007,2.0017
20/04/2007,2.0037
23/04/2007,2.0009
24/04/2007,1.9999
25/04/2007,2.0019
26/04/2007,1.9912
27/04/2007,1.9967
30/04/2007,1.9994
01/05/2007,1.9996
02/05/2007,1.9895
03/05/2007,1.9878
04/05/2007,1.9931
07/05/2007,1.9933
08/05/2007,1.9888
09/05/2007,1.9942
10/05/2007,1.9785
11/05/2007,1.9822
14/05/2007,1.9783
15/05/2007,1.9853
16/05/2007,1.9782
17/05/2007,1.9744
18/05/2007,1.9743
21/05/2007,1.9702
22/05/2007,1.9702
23/05/2007,1.9861
24/05/2007,1.9858
25/05/2007,1.9846
28/05/2007,1.9832
29/05/2007,1.98
30/05/2007,1.9758
31/05/2007,1.9797
01/06/2007,1.9821
04/06/2007,1.9903
05/06/2007,1.9919
06/06/2007,1.9926
07/06/2007,1.9771
08/06/2007,1.9667
11/06/2007,1.9694
12/06/2007,1.9763
13/06/2007,1.9734
14/06/2007,1.9693
15/06/2007,1.9751
18/06/2007,1.9835
19/06/2007,1.9887
20/06/2007,1.9945
21/06/2007,1.9921
22/06/2007,1.9992
25/06/2007,1.9986
26/06/2007,1.9992
27/06/2007,1.9977
28/06/2007,2.0013
29/06/2007,2.0075
02/07/2007,2.0172
03/07/2007,2.0172
04/07/2007,2.0156
05/07/2007,2.0123
06/07/2007,2.0105
09/07/2007,2.015
10/07/2007,2.027
11/07/2007,2.0341
12/07/2007,2.0296
13/07/2007,2.0329
16/07/2007,2.037
17/07/2007,2.0461
18/07/2007,2.0535
19/07/2007,2.0487
20/07/2007,2.0548
23/07/2007,2.0577
24/07/2007,2.0621
25/07/2007,2.0513
26/07/2007,2.049
27/07/2007,2.0259
30/07/2007,2.0247
31/07/2007,2.0345
01/08/2007,2.0279
02/08/2007,2.0364
03/08/2007,2.045
06/08/2007,2.0303
07/08/2007,2.0248
08/08/2007,2.0262
09/08/2007,2.023
10/08/2007,2.0218
13/08/2007,2.0137
14/08/2007,1.997
15/08/2007,1.9925
16/08/2007,1.979
17/08/2007,1.98
20/08/2007,1.9881
21/08/2007,1.9823
22/08/2007,1.9917
23/08/2007,2.003
24/08/2007,2.0134
27/08/2007,2.0133
28/08/2007,2.0073
29/08/2007,2.018
30/08/2007,2.0135
31/08/2007,2.0163
03/09/2007,2.0174
04/09/2007,2.0146
05/09/2007,2.0203
06/09/2007,2.023
07/09/2007,2.0279
10/09/2007,2.0278
11/09/2007,2.0313
12/09/2007,2.0303
13/09/2007,2.0286
14/09/2007,2.0102
17/09/2007,1.9939
18/09/2007,2.012
19/09/2007,2.0012
20/09/2007,2.0095
21/09/2007,2.0201
24/09/2007,2.0211
25/09/2007,2.0179
26/09/2007,2.0154
27/09/2007,2.0268
28/09/2007,2.0452
01/10/2007,2.044
02/10/2007,2.0416
03/10/2007,2.0321
04/10/2007,2.0321
05/10/2007,2.0428
08/10/2007,2.035
09/10/2007,2.0353
10/10/2007,2.0411
11/10/2007,2.0315
12/10/2007,2.0344
15/10/2007,2.0422
16/10/2007,2.0313
17/10/2007,2.0355
18/10/2007,2.0448
19/10/2007,2.0498
22/10/2007,2.0286
23/10/2007,2.0503
24/10/2007,2.0494
25/10/2007,2.0511
26/10/2007,2.0519
29/10/2007,2.0617
30/10/2007,2.0683
31/10/2007,2.0792
01/11/2007,2.084
02/11/2007,2.0889
05/11/2007,2.0805
06/11/2007,2.0866
07/11/2007,2.1013
08/11/2007,2.1085
09/11/2007,2.0895
12/11/2007,2.0638
13/11/2007,2.0703
14/11/2007,2.0546
15/11/2007,2.0428
16/11/2007,2.0513
19/11/2007,2.0491
20/11/2007,2.0659
21/11/2007,2.0665
22/11/2007,2.0625
23/11/2007,2.0585
26/11/2007,2.0708
27/11/2007,2.0698
28/11/2007,2.0811
29/11/2007,2.0615
30/11/2007,2.0567
03/12/2007,2.0668
04/12/2007,2.057
05/12/2007,2.0252
06/12/2007,2.0276
07/12/2007,2.0314
10/12/2007,2.0462
11/12/2007,2.0336
12/12/2007,2.0469
13/12/2007,2.0386
14/12/2007,2.0154
17/12/2007,2.0214
18/12/2007,2.0133
19/12/2007,1.9964
20/12/2007,1.9814
21/12/2007,1.9832
24/12/2007,1.9778
25/12/2007,1.9777
26/12/2007,1.984
27/12/2007,1.984
28/12/2007,1.9927
31/12/2007,1.9827
01/01/2008,1.9827
02/01/2008,1.9799
03/01/2008,1.9751
04/01/2008,1.9721
07/01/2008,1.9711
08/01/2008,1.9715
09/01/2008,1.9586
10/01/2008,1.9603
11/01/2008,1.9579
14/01/2008,1.9567
15/01/2008,1.9644
16/01/2008,1.9644
17/01/2008,1.9712
18/01/2008,1.9554
21/01/2008,1.9435
22/01/2008,1.962
23/01/2008,1.9542
24/01/2008,1.9741
25/01/2008,1.9803
28/01/2008,1.9834
29/01/2008,1.9895
30/01/2008,1.9914
31/01/2008,1.9864
01/02/2008,1.9674
04/02/2008,1.9738
05/02/2008,1.9638
06/02/2008,1.9597
07/02/2008,1.9417
08/02/2008,1.9451
11/02/2008,1.9497
12/02/2008,1.962
13/02/2008,1.965
14/02/2008,1.9688
15/02/2008,1.9603
18/02/2008,1.9603
19/02/2008,1.9487
20/02/2008,1.9419
21/02/2008,1.9627
22/02/2008,1.9684
25/02/2008,1.9673
26/02/2008,1.9858
27/02/2008,1.9833
28/02/2008,1.9921
29/02/2008,1.9881
03/03/2008,1.9846
04/03/2008,1.9862
05/03/2008,1.9917
06/03/2008,2.0104
07/03/2008,2.0149
10/03/2008,2.01
11/03/2008,2.0028
12/03/2008,2.0274
13/03/2008,2.0289
14/03/2008,2.0221
17/03/2008,2.0021
18/03/2008,2.0074
19/03/2008,1.9815
20/03/2008,1.9838
21/03/2008,1.9833
24/03/2008,1.9842
25/03/2008,1.9995
26/03/2008,2.0074
27/03/2008,2.0038
28/03/2008,1.9932
31/03/2008,1.9832
01/04/2008,1.9765
02/04/2008,1.9871
03/04/2008,1.995
04/04/2008,1.9912
07/04/2008,1.9867
08/04/2008,1.9693
09/04/2008,1.975
10/04/2008,1.9723
11/04/2008,1.9717
14/04/2008,1.9751
15/04/2008,1.9607
16/04/2008,1.9706
17/04/2008,1.9909
18/04/2008,1.9941
21/04/2008,1.9812
22/04/2008,1.9951
23/04/2008,1.9795
24/04/2008,1.9746
25/04/2008,1.9821
28/04/2008,1.9896
29/04/2008,1.988
30/04/2008,1.9879
01/05/2008,1.974
02/05/2008,1.9739
05/05/2008,1.9717
06/05/2008,1.9729
07/05/2008,1.9532
08/05/2008,1.9531
09/05/2008,1.9519
12/05/2008,1.9567
13/05/2008,1.9456
14/05/2008,1.9439
15/05/2008,1.9451
16/05/2008,1.9563
19/05/2008,1.9479
20/05/2008,1.9679
21/05/2008,1.9688
22/05/2008,1.9782
23/05/2008,1.9811
26/05/2008,1.9815
27/05/2008,1.9761
28/05/2008,1.9799
29/05/2008,1.9747
30/05/2008,1.9807
02/06/2008,1.9655
03/06/2008,1.9652
04/06/2008,1.9547
05/06/2008,1.959
06/06/2008,1.9708
09/06/2008,1.9748
10/06/2008,1.9538
11/06/2008,1.963
12/06/2008,1.9474
13/06/2008,1.9471
16/06/2008,1.9636
17/06/2008,1.9566
18/06/2008,1.9597
19/06/2008,1.9738
20/06/2008,1.976
23/06/2008,1.9651
24/06/2008,1.9695
25/06/2008,1.9695
26/06/2008,1.9873
27/06/2008,1.9927
30/06/2008,1.9927
01/07/2008,1.9941
02/07/2008,1.9936
03/07/2008,1.9822
04/07/2008,1.9828
07/07/2008,1.977
08/07/2008,1.9689
09/07/2008,1.9819
10/07/2008,1.9771
11/07/2008,1.987
14/07/2008,1.9941
15/07/2008,2.0018
16/07/2008,1.9984
17/07/2008,1.9988
18/07/2008,1.9978
21/07/2008,1.9984
22/07/2008,1.9908
23/07/2008,1.9976
24/07/2008,1.9843
25/07/2008,1.9901
28/07/2008,1.995
29/07/2008,1.9786
30/07/2008,1.9817
31/07/2008,1.9825
01/08/2008,1.9735
04/08/2008,1.9634
05/08/2008,1.9555
06/08/2008,1.947
07/08/2008,1.943
08/08/2008,1.9201
11/08/2008,1.9127
12/08/2008,1.8961
13/08/2008,1.8724
14/08/2008,1.8665
15/08/2008,1.8627
18/08/2008,1.8646
19/08/2008,1.867
20/08/2008,1.8617
21/08/2008,1.8762
22/08/2008,1.851
25/08/2008,1.8521
26/08/2008,1.8379
27/08/2008,1.8328
28/08/2008,1.8287
29/08/2008,1.8194
01/09/2008,1.8026
02/09/2008,1.8026
03/09/2008,1.7757
04/09/2008,1.7693
05/09/2008,1.7631
08/09/2008,1.7547
09/09/2008,1.758
10/09/2008,1.7562
11/09/2008,1.7514
12/09/2008,1.7931
15/09/2008,1.7931
16/09/2008,1.7859
17/09/2008,1.8235
18/09/2008,1.8124
19/09/2008,1.8359
22/09/2008,1.8603
23/09/2008,1.8599
24/09/2008,1.8517
25/09/2008,1.8373
26/09/2008,1.841
29/09/2008,1.8135
30/09/2008,1.7767
01/10/2008,1.7746
02/10/2008,1.7655
03/10/2008,1.7777
06/10/2008,1.7381
07/10/2008,1.7499
08/10/2008,1.7287
09/10/2008,1.718
10/10/2008,1.7055
13/10/2008,1.7302
14/10/2008,1.7453
15/10/2008,1.7275
16/10/2008,1.7302
17/10/2008,1.7333
20/10/2008,1.7123
21/10/2008,1.6755
22/10/2008,1.6247
23/10/2008,1.617
24/10/2008,1.587
27/10/2008,1.5638
28/10/2008,1.5902
29/10/2008,1.6397
30/10/2008,1.6447
31/10/2008,1.6145
03/11/2008,1.582
04/11/2008,1.593
05/11/2008,1.5954
06/11/2008,1.5762
07/11/2008,1.5762
10/11/2008,1.5618
11/11/2008,1.5418
12/11/2008,1.496
13/11/2008,1.4838
14/11/2008,1.495
17/11/2008,1.5022
18/11/2008,1.4922
19/11/2008,1.4976
20/11/2008,1.4744
21/11/2008,1.4869
24/11/2008,1.5128
25/11/2008,1.5493
26/11/2008,1.5188
27/11/2008,1.5394
28/11/2008,1.5415
01/12/2008,1.491
02/12/2008,1.4869
03/12/2008,1.4729
04/12/2008,1.4727
05/12/2008,1.4687
08/12/2008,1.4946
09/12/2008,1.4756
10/12/2008,1.4776
11/12/2008,1.499
12/12/2008,1.497
15/12/2008,1.5254
16/12/2008,1.5618
17/12/2008,1.5471
18/12/2008,1.502
19/12/2008,1.4856
22/12/2008,1.4825
23/12/2008,1.4761
24/12/2008,1.4663
25/12/2008,1.4648
26/12/2008,1.4648
29/12/2008,1.452
30/12/2008,1.4415
31/12/2008,1.4585
01/01/2009,1.4585
02/01/2009,1.4472
05/01/2009,1.4722
06/01/2009,1.499
07/01/2009,1.511
08/01/2009,1.5235
09/01/2009,1.5139
12/01/2009,1.4828
13/01/2009,1.449
14/01/2009,1.4583
15/01/2009,1.4658
16/01/2009,1.4702
19/01/2009,1.4501
20/01/2009,1.3902
21/01/2009,1.3975
22/01/2009,1.3886
23/01/2009,1.377
26/01/2009,1.3973
27/01/2009,1.4152
28/01/2009,1.421
29/01/2009,1.4332
30/01/2009,1.4455
02/02/2009,1.4263
03/02/2009,1.4486
04/02/2009,1.4464
05/02/2009,1.4637
06/02/2009,1.48
09/02/2009,1.4917
10/02/2009,1.4497
11/02/2009,1.4383
12/02/2009,1.4255
13/02/2009,1.4392
16/02/2009,1.4266
17/02/2009,1.4265
18/02/2009,1.4231
19/02/2009,1.4308
20/02/2009,1.4452
23/02/2009,1.4482
24/02/2009,1.449
25/02/2009,1.4204
26/02/2009,1.4313
27/02/2009,1.4313
02/03/2009,1.404
03/03/2009,1.4076
04/03/2009,1.417
05/03/2009,1.417
06/03/2009,1.4072
09/03/2009,1.3801
10/03/2009,1.3723
11/03/2009,1.3875
12/03/2009,1.3945
13/03/2009,1.3972
16/03/2009,1.4092
17/03/2009,1.4029
18/03/2009,1.4277
19/03/2009,1.4516
20/03/2009,1.4451
23/03/2009,1.4581
24/03/2009,1.466
25/03/2009,1.4526
26/03/2009,1.444
27/03/2009,1.4305
30/03/2009,1.4196
31/03/2009,1.4347
01/04/2009,1.4347
02/04/2009,1.4712
03/04/2009,1.4822
06/04/2009,1.4718
07/04/2009,1.4728
08/04/2009,1.4728
09/04/2009,1.4671
10/04/2009,1.464
13/04/2009,1.4854
14/04/2009,1.4944
15/04/2009,1.496
16/04/2009,1.4917
17/04/2009,1.4793
20/04/2009,1.4539
21/04/2009,1.4663
22/04/2009,1.4506
23/04/2009,1.4697
24/04/2009,1.4675
27/04/2009,1.4654
28/04/2009,1.4626
29/04/2009,1.477
30/04/2009,1.4785
01/05/2009,1.4916
04/05/2009,1.4965
05/05/2009,1.5067
06/05/2009,1.5133
07/05/2009,1.5133
08/05/2009,1.5216
11/05/2009,1.5132
12/05/2009,1.5273
13/05/2009,1.5139
14/05/2009,1.5237
15/05/2009,1.5163
18/05/2009,1.5342
19/05/2009,1.5483
20/05/2009,1.5754
21/05/2009,1.5839
22/05/2009,1.5916
25/05/2009,1.5908
26/05/2009,1.593
27/05/2009,1.6
28/05/2009,1.5939
29/05/2009,1.6132
01/06/2009,1.6436
02/06/2009,1.6577
03/06/2009,1.6276
04/06/2009,1.619
05/06/2009,1.5978
08/06/2009,1.605
09/06/2009,1.6342
10/06/2009,1.6314
11/06/2009,1.6588
12/06/2009,1.6452
15/06/2009,1.629
16/06/2009,1.6428
17/06/2009,1.6395
18/06/2009,1.6346
19/06/2009,1.6517
22/06/2009,1.6349
23/06/2009,1.6447
24/06/2009,1.6395
25/06/2009,1.6366
26/06/2009,1.653
29/06/2009,1.6575
30/06/2009,1.6467
01/07/2009,1.6478
02/07/2009,1.6399
03/07/2009,1.6328
06/07/2009,1.6254
07/07/2009,1.6124
08/07/2009,1.6026
09/07/2009,1.6342
10/07/2009,1.6189
13/07/2009,1.6232
14/07/2009,1.6276
15/07/2009,1.6422
16/07/2009,1.6442
17/07/2009,1.638
20/07/2009,1.6534
21/07/2009,1.6422
22/07/2009,1.6456
23/07/2009,1.6529
24/07/2009,1.644
27/07/2009,1.6498
28/07/2009,1.6432
29/07/2009,1.6385
30/07/2009,1.6493
31/07/2009,1.6698
03/08/2009,1.6922
04/08/2009,1.6919
05/08/2009,1.7016
06/08/2009,1.6775
07/08/2009,1.6668
10/08/2009,1.6461
11/08/2009,1.6481
12/08/2009,1.6513
13/08/2009,1.6563
14/08/2009,1.6508
17/08/2009,1.634
18/08/2009,1.6577
19/08/2009,1.6539
20/08/2009,1.6519
21/08/2009,1.6495
24/08/2009,1.6399
25/08/2009,1.6352
26/08/2009,1.6242
27/08/2009,1.6287
28/08/2009,1.6282
31/08/2009,1.6266
01/09/2009,1.6162
02/09/2009,1.6269
03/09/2009,1.6323
04/09/2009,1.6395
07/09/2009,1.6328
08/09/2009,1.6503
09/09/2009,1.653
10/09/2009,1.6654
11/09/2009,1.6679
14/09/2009,1.6575
15/09/2009,1.6501
16/09/2009,1.6505
17/09/2009,1.6443
18/09/2009,1.6268
21/09/2009,1.6208
22/09/2009,1.6365
23/09/2009,1.636
24/09/2009,1.6063
25/09/2009,1.5934
28/09/2009,1.5872
29/09/2009,1.5948
30/09/2009,1.5983
01/10/2009,1.5936
02/10/2009,1.5914
05/10/2009,1.5941
06/10/2009,1.591
07/10/2009,1.5948
08/10/2009,1.6072
09/10/2009,1.5938
12/10/2009,1.5787
13/10/2009,1.5892
14/10/2009,1.5971
15/10/2009,1.625
16/10/2009,1.6355
19/10/2009,1.6371
20/10/2009,1.6368
21/10/2009,1.6579
22/10/2009,1.6617
23/10/2009,1.6308
26/10/2009,1.63
27/10/2009,1.6372
28/10/2009,1.6374
29/10/2009,1.6529
30/10/2009,1.6415
02/11/2009,1.6394
03/11/2009,1.6413
04/11/2009,1.6561
05/11/2009,1.6586
06/11/2009,1.6615
09/11/2009,1.6745
10/11/2009,1.6728
11/11/2009,1.6555
12/11/2009,1.6581
13/11/2009,1.669
16/11/2009,1.6829
17/11/2009,1.6813
18/11/2009,1.6744
19/11/2009,1.6658
20/11/2009,1.6497
23/11/2009,1.6614
24/11/2009,1.6576
25/11/2009,1.6715
26/11/2009,1.6496
27/11/2009,1.648
30/11/2009,1.6448
01/12/2009,1.6619
02/12/2009,1.6634
03/12/2009,1.6562
04/12/2009,1.6442
07/12/2009,1.6442
08/12/2009,1.6288
09/12/2009,1.627
10/12/2009,1.627
11/12/2009,1.6236
14/12/2009,1.6304
15/12/2009,1.6266
16/12/2009,1.6329
17/12/2009,1.616
18/12/2009,1.614
21/12/2009,1.6049
22/12/2009,1.5967
23/12/2009,1.5958
24/12/2009,1.5951
25/12/2009,1.5961
28/12/2009,1.6004
29/12/2009,1.5904
30/12/2009,1.6071
31/12/2009,1.6166
01/01/2010,1.6166
04/01/2010,1.6099
05/01/2010,1.5993
06/01/2010,1.6023
07/01/2010,1.5936
08/01/2010,1.6029
11/01/2010,1.6108
12/01/2010,1.6162
13/01/2010,1.6283
14/01/2010,1.6323
15/01/2010,1.6258
18/01/2010,1.6326
19/01/2010,1.6372
20/01/2010,1.6287
21/01/2010,1.6208
22/01/2010,1.611
25/01/2010,1.6232
26/01/2010,1.614
27/01/2010,1.6158
28/01/2010,1.6128
29/01/2010,1.6
01/02/2010,1.5959
02/02/2010,1.5978
03/02/2010,1.5904
04/02/2010,1.575
05/02/2010,1.5623
08/02/2010,1.5604
09/02/2010,1.5697
10/02/2010,1.5583
11/02/2010,1.5694
12/02/2010,1.567
15/02/2010,1.5662
16/02/2010,1.5786
17/02/2010,1.5678
18/02/2010,1.5618
19/02/2010,1.5454
22/02/2010,1.548
23/02/2010,1.5407
24/02/2010,1.5395
25/02/2010,1.527
26/02/2010,1.5246
01/03/2010,1.4988
02/03/2010,1.4961
03/03/2010,1.5104
04/03/2010,1.5035
05/03/2010,1.5146
08/03/2010,1.506
09/03/2010,1.4992
10/03/2010,1.496
11/03/2010,1.5058
12/03/2010,1.5181
15/03/2010,1.505
16/03/2010,1.5257
17/03/2010,1.5323
18/03/2010,1.5246
19/03/2010,1.5014
22/03/2010,1.5093
23/03/2010,1.5044
24/03/2010,1.4889
25/03/2010,1.4815
26/03/2010,1.4899
29/03/2010,1.498
30/03/2010,1.5066
31/03/2010,1.5177
01/04/2010,1.5287
02/04/2010,1.5192
05/04/2010,1.5279
06/04/2010,1.527
07/04/2010,1.5245
08/04/2010,1.5265
09/04/2010,1.5367
12/04/2010,1.5362
13/04/2010,1.5369
14/04/2010,1.5465
15/04/2010,1.5493
16/04/2010,1.5389
19/04/2010,1.5336
20/04/2010,1.5369
21/04/2010,1.5407
22/04/2010,1.5382
23/04/2010,1.5369
26/04/2010,1.5455
27/04/2010,1.5241
28/04/2010,1.5183
29/04/2010,1.5339
30/04/2010,1.529
03/05/2010,1.5244
04/05/2010,1.5156
05/05/2010,1.5091
06/05/2010,1.4816
07/05/2010,1.4815
10/05/2010,1.4855
11/05/2010,1.4948
12/05/2010,1.4825
13/05/2010,1.4627
14/05/2010,1.4536
17/05/2010,1.4471
18/05/2010,1.4333
19/05/2010,1.4417
20/05/2010,1.4409
21/05/2010,1.4486
24/05/2010,1.4435
25/05/2010,1.4395
26/05/2010,1.4403
27/05/2010,1.4574
28/05/2010,1.4458
31/05/2010,1.4538
01/06/2010,1.4649
02/06/2010,1.465
03/06/2010,1.4614
04/06/2010,1.4466
07/06/2010,1.4467
08/06/2010,1.4426
09/06/2010,1.4526
10/06/2010,1.4704
11/06/2010,1.4532
14/06/2010,1.4746
15/06/2010,1.4807
16/06/2010,1.4782
17/06/2010,1.4819
18/06/2010,1.4826
21/06/2010,1.4739
22/06/2010,1.4811
23/06/2010,1.4953
24/06/2010,1.4924
25/06/2010,1.5039
28/06/2010,1.5111
29/06/2010,1.5062
30/06/2010,1.4938
01/07/2010,1.518
02/07/2010,1.5194
05/07/2010,1.5129
06/07/2010,1.5133
07/07/2010,1.5193
08/07/2010,1.5158
09/07/2010,1.5064
12/07/2010,1.5029
13/07/2010,1.5166
14/07/2010,1.5255
15/07/2010,1.544
16/07/2010,1.5299
19/07/2010,1.5227
20/07/2010,1.5283
21/07/2010,1.5166
22/07/2010,1.5269
23/07/2010,1.5419
26/07/2010,1.5481
27/07/2010,1.5587
28/07/2010,1.5576
29/07/2010,1.5618
30/07/2010,1.5702
02/08/2010,1.5888
03/08/2010,1.5942
04/08/2010,1.5893
05/08/2010,1.5882
06/08/2010,1.596
09/08/2010,1.5903
10/08/2010,1.5856
11/08/2010,1.5682
12/08/2010,1.5575
13/08/2010,1.5591
16/08/2010,1.5646
17/08/2010,1.5576
18/08/2010,1.56
19/08/2010,1.5597
20/08/2010,1.553
23/08/2010,1.5519
24/08/2010,1.543
25/08/2010,1.5446
26/08/2010,1.5539
27/08/2010,1.5517
30/08/2010,1.5459
31/08/2010,1.535
01/09/2010,1.5453
02/09/2010,1.5392
03/09/2010,1.5456
06/09/2010,1.5402
07/09/2010,1.5373
08/09/2010,1.5467
09/09/2010,1.5442
10/09/2010,1.5351
13/09/2010,1.5417
14/09/2010,1.5562
15/09/2010,1.5617
16/09/2010,1.5631
17/09/2010,1.5626
20/09/2010,1.555
21/09/2010,1.5615
22/09/2010,1.5668
23/09/2010,1.5679
24/09/2010,1.5822
27/09/2010,1.5852
28/09/2010,1.5798
29/09/2010,1.5781
30/09/2010,1.5707
01/10/2010,1.5834
04/10/2010,1.5829
05/10/2010,1.5887
06/10/2010,1.5885
07/10/2010,1.5869
08/10/2010,1.5951
11/10/2010,1.5871
12/10/2010,1.5793
13/10/2010,1.5895
14/10/2010,1.6009
15/10/2010,1.5984
18/10/2010,1.5934
19/10/2010,1.5699
20/10/2010,1.5833
21/10/2010,1.5704
22/10/2010,1.5678
25/10/2010,1.5741
26/10/2010,1.5841
27/10/2010,1.5763
28/10/2010,1.594
29/10/2010,1.6032
01/11/2010,1.6031
02/11/2010,1.6022
03/11/2010,1.6094
04/11/2010,1.6291
05/11/2010,1.6187
08/11/2010,1.6132
09/11/2010,1.5973
10/11/2010,1.6121
11/11/2010,1.6106
12/11/2010,1.6139
15/11/2010,1.6045
16/11/2010,1.5883
17/11/2010,1.5893
18/11/2010,1.6036
19/11/2010,1.5986
22/11/2010,1.5961
23/11/2010,1.5774
24/11/2010,1.5768
25/11/2010,1.5766
26/11/2010,1.5618
29/11/2010,1.5575
30/11/2010,1.5568
01/12/2010,1.5628
02/12/2010,1.5599
03/12/2010,1.5784
06/12/2010,1.5724
07/12/2010,1.5764
08/12/2010,1.5803
09/12/2010,1.5764
10/12/2010,1.5813
13/12/2010,1.5856
14/12/2010,1.5779
15/12/2010,1.5543
16/12/2010,1.5621
17/12/2010,1.5518
20/12/2010,1.5513
21/12/2010,1.546
22/12/2010,1.5381
23/12/2010,1.5426
24/12/2010,1.5441
27/12/2010,1.5415
28/12/2010,1.5381
29/12/2010,1.5504
30/12/2010,1.5413
31/12/2010,1.5602
03/01/2011,1.5477
04/01/2011,1.5586
05/01/2011,1.5507
06/01/2011,1.5469
07/01/2011,1.5556
10/01/2011,1.5574
11/01/2011,1.5615
12/01/2011,1.5767
13/01/2011,1.5829
14/01/2011,1.5862
17/01/2011,1.5891
18/01/2011,1.5956
19/01/2011,1.5986
20/01/2011,1.5902
21/01/2011,1.6007
24/01/2011,1.5994
25/01/2011,1.5816
26/01/2011,1.5895
27/01/2011,1.5927
28/01/2011,1.5865
31/01/2011,1.6016
01/02/2011,1.615
02/02/2011,1.6185
03/02/2011,1.6145
04/02/2011,1.6096
07/02/2011,1.6113
08/02/2011,1.6071
09/02/2011,1.6093
10/02/2011,1.6092
11/02/2011,1.6012
14/02/2011,1.6029
15/02/2011,1.6123
16/02/2011,1.6095
17/02/2011,1.6169
18/02/2011,1.6236
21/02/2011,1.6215
22/02/2011,1.6134
23/02/2011,1.6207
24/02/2011,1.6131
25/02/2011,1.6102
28/02/2011,1.626
01/03/2011,1.6258
02/03/2011,1.6329
03/03/2011,1.6271
04/03/2011,1.6268
07/03/2011,1.62
08/03/2011,1.6152
09/03/2011,1.6203
10/03/2011,1.6045
11/03/2011,1.6071
14/03/2011,1.6179
15/03/2011,1.6071
16/03/2011,1.602
17/03/2011,1.6132
18/03/2011,1.6223
21/03/2011,1.6309
22/03/2011,1.6383
23/03/2011,1.6252
24/03/2011,1.6106
25/03/2011,1.6021
28/03/2011,1.5997
29/03/2011,1.5996
30/03/2011,1.6078
31/03/2011,1.606
01/04/2011,1.6113
04/04/2011,1.6122
05/04/2011,1.6286
06/04/2011,1.6332
07/04/2011,1.632
08/04/2011,1.6351
11/04/2011,1.6349
12/04/2011,1.6252
13/04/2011,1.6268
14/04/2011,1.6345
15/04/2011,1.6293
18/04/2011,1.6261
19/04/2011,1.6312
20/04/2011,1.6402
21/04/2011,1.6521
22/04/2011,1.6519
25/04/2011,1.6497
26/04/2011,1.6476
27/04/2011,1.6628
28/04/2011,1.6646
29/04/2011,1.6712
02/05/2011,1.6651
03/05/2011,1.6472
04/05/2011,1.6499
05/05/2011,1.6383
06/05/2011,1.6389
09/05/2011,1.6391
10/05/2011,1.6357
11/05/2011,1.6341
12/05/2011,1.6279
13/05/2011,1.6184
16/05/2011,1.6207
17/05/2011,1.6248
18/05/2011,1.616
19/05/2011,1.6221
20/05/2011,1.6261
23/05/2011,1.6106
24/05/2011,1.6194
25/05/2011,1.6283
26/05/2011,1.639
27/05/2011,1.6479
30/05/2011,1.6466
31/05/2011,1.645
01/06/2011,1.6342
02/06/2011,1.6359
03/06/2011,1.6435
06/06/2011,1.6346
07/06/2011,1.6442
08/06/2011,1.6396
09/06/2011,1.637
10/06/2011,1.6231
13/06/2011,1.638
14/06/2011,1.6369
15/06/2011,1.6169
16/06/2011,1.6138
17/06/2011,1.6165
20/06/2011,1.6199
21/06/2011,1.6239
22/06/2011,1.6068
23/06/2011,1.5991
24/06/2011,1.5969
27/06/2011,1.598
28/06/2011,1.5985
29/06/2011,1.6059
30/06/2011,1.6058
01/07/2011,1.6072
04/07/2011,1.6088
05/07/2011,1.6057
06/07/2011,1.5989
07/07/2011,1.5963
08/07/2011,1.6039
11/07/2011,1.5902
12/07/2011,1.5912
13/07/2011,1.6104
14/07/2011,1.6134
15/07/2011,1.613
18/07/2011,1.6038
19/07/2011,1.6116
20/07/2011,1.6163
21/07/2011,1.6297
22/07/2011,1.6299
25/07/2011,1.6296
26/07/2011,1.6411
27/07/2011,1.6331
28/07/2011,1.6339
29/07/2011,1.6427
01/08/2011,1.6305
02/08/2011,1.631
03/08/2011,1.6423
04/08/2011,1.6262
05/08/2011,1.6358
08/08/2011,1.635
09/08/2011,1.6282
10/08/2011,1.613
11/08/2011,1.6232
12/08/2011,1.6276
15/08/2011,1.6383
16/08/2011,1.6471
17/08/2011,1.6549
18/08/2011,1.6503
19/08/2011,1.6478
22/08/2011,1.6472
23/08/2011,1.6505
24/08/2011,1.6381
25/08/2011,1.6286
26/08/2011,1.6349
29/08/2011,1.6404
30/08/2011,1.6316
31/08/2011,1.6246
01/09/2011,1.6174
02/09/2011,1.6222
05/09/2011,1.6096
06/09/2011,1.594
07/09/2011,1.5974
08/09/2011,1.5967
09/09/2011,1.5873
12/09/2011,1.5827
13/09/2011,1.5791
14/09/2011,1.5787
15/09/2011,1.5797
16/09/2011,1.5789
19/09/2011,1.5715
20/09/2011,1.5725
21/09/2011,1.5522
22/09/2011,1.5345
23/09/2011,1.5476
26/09/2011,1.555
27/09/2011,1.5631
28/09/2011,1.5581
29/09/2011,1.5602
30/09/2011,1.5591
03/10/2011,1.547
04/10/2011,1.5467
05/10/2011,1.5455
06/10/2011,1.5449
07/10/2011,1.5555
10/10/2011,1.5665
11/10/2011,1.5608
12/10/2011,1.5772
13/10/2011,1.5766
14/10/2011,1.5806
17/10/2011,1.5753
18/10/2011,1.574
19/10/2011,1.577
20/10/2011,1.5799
21/10/2011,1.5944
24/10/2011,1.5979
25/10/2011,1.6004
26/10/2011,1.5967
27/10/2011,1.6081
28/10/2011,1.6124
31/10/2011,1.6081
01/11/2011,1.5931
02/11/2011,1.5946
03/11/2011,1.6042
04/11/2011,1.603
07/11/2011,1.6048
08/11/2011,1.6103
09/11/2011,1.5922
10/11/2011,1.5921
11/11/2011,1.6065
14/11/2011,1.5911
15/11/2011,1.5827
16/11/2011,1.5748
17/11/2011,1.5747
18/11/2011,1.5786
21/11/2011,1.5656
22/11/2011,1.5632
23/11/2011,1.5534
24/11/2011,1.5487
25/11/2011,1.5448
28/11/2011,1.549
29/11/2011,1.5608
30/11/2011,1.5701
01/12/2011,1.5684
02/12/2011,1.5598
05/12/2011,1.5638
06/12/2011,1.5596
07/12/2011,1.5708
08/12/2011,1.563
09/12/2011,1.566
12/12/2011,1.5579
13/12/2011,1.5468
14/12/2011,1.5467
15/12/2011,1.551
16/12/2011,1.552
19/12/2011,1.5497
20/12/2011,1.5659
21/12/2011,1.5676
22/12/2011,1.5679
23/12/2011,1.5592
26/12/2011,1.5629
27/12/2011,1.5668
28/12/2011,1.545
29/12/2011,1.5416
30/12/2011,1.553
02/01/2012,1.5495
03/01/2012,1.5643
04/01/2012,1.5623
05/01/2012,1.5484
06/01/2012,1.5424
09/01/2012,1.5461
10/01/2012,1.5479
11/01/2012,1.5327
12/01/2012,1.5335
13/01/2012,1.532
16/01/2012,1.5332
17/01/2012,1.5322
18/01/2012,1.5428
19/01/2012,1.5485
20/01/2012,1.5554
23/01/2012,1.5573
24/01/2012,1.5612
25/01/2012,1.5666
26/01/2012,1.5688
27/01/2012,1.5732
30/01/2012,1.5686
31/01/2012,1.5759
01/02/2012,1.5826
02/02/2012,1.5807
03/02/2012,1.5809
06/02/2012,1.5825
07/02/2012,1.5894
08/02/2012,1.582
09/02/2012,1.5817
10/02/2012,1.5735
13/02/2012,1.5769
14/02/2012,1.5683
15/02/2012,1.5699
16/02/2012,1.581
17/02/2012,1.5837
20/02/2012,1.5845
21/02/2012,1.5783
22/02/2012,1.5672
23/02/2012,1.5732
24/02/2012,1.5893
27/02/2012,1.5821
28/02/2012,1.5896
29/02/2012,1.5917
01/03/2012,1.5945
02/03/2012,1.5838
05/03/2012,1.5864
06/03/2012,1.5716
07/03/2012,1.5736
08/03/2012,1.582
09/03/2012,1.5674
12/03/2012,1.5635
13/03/2012,1.5693
14/03/2012,1.5672
15/03/2012,1.5718
16/03/2012,1.5831
19/03/2012,1.589
20/03/2012,1.5855
21/03/2012,1.5864
22/03/2012,1.5816
23/03/2012,1.5872
26/03/2012,1.5964
27/03/2012,1.5958
28/03/2012,1.589
29/03/2012,1.5942
30/03/2012,1.5996
02/04/2012,1.6033
03/04/2012,1.5908
04/04/2012,1.5889
05/04/2012,1.5822
06/04/2012,1.5877
09/04/2012,1.5904
10/04/2012,1.5869
11/04/2012,1.5902
12/04/2012,1.5966
13/04/2012,1.5843
16/04/2012,1.5897
17/04/2012,1.5935
18/04/2012,1.6021
19/04/2012,1.6054
20/04/2012,1.6133
23/04/2012,1.613
24/04/2012,1.6135
25/04/2012,1.6165
26/04/2012,1.6196
27/04/2012,1.6263
30/04/2012,1.623
